Workbook

Sheet Menu
J1: Periodo | K1: -1 | L1: -2 | M1: -3 | N1: -4 | O1: -5 | P1: -6 | Q1: -7 | R1: -8 | S1: -9 | T1: -10 | U1: -11
J2: 2026-01 | K2: 2025-12 | L2: 2025-11 | M2: 2025-10 | N2: 2025-09 | O2: 2025-08 | P2: 2025-07 | Q2: 2025-06 | R2: 2025-05 | S2: 2025-04 | T2: 2025-03 | U2: 2025-02
B3: Periodo | C3: 2026-01 | J3: 2026-02 | K3: =+J2 -> 2026-01 | L3: =+K2 -> 2025-12 | M3: =+L2 -> 2025-11 | N3: =+M2 -> 2025-10 | O3: =+N2 -> 2025-09 | P3: =+O2 -> 2025-08 | Q3: =+P2 -> 2025-07 | R3: =+Q2 -> 2025-06 | ... U3: =+T2 -> 2025-03
J4: 2026-03 | K4: =+J3 -> 2026-02 | L4: =+K3 -> 2026-01 | M4: =+L3 -> 2025-12 | N4: =+M3 -> 2025-11 | O4: =+N3 -> 2025-10 | P4: =+O3 -> 2025-09 | Q4: =+P3 -> 2025-08 | R4: =+Q3 -> 2025-07 | ... U4: =+T3 -> 2025-04
J5: 2026-04 | K5: =+J4 -> 2026-03 | L5: =+K4 -> 2026-02 | M5: =+L4 -> 2026-01 | N5: =+M4 -> 2025-12 | O5: =+N4 -> 2025-11 | P5: =+O4 -> 2025-10 | Q5: =+P4 -> 2025-09 | R5: =+Q4 -> 2025-08 | ... U5: =+T4 -> 2025-05
J6: 2026-05 | K6: =+J5 -> 2026-04 | L6: =+K5 -> 2026-03 | M6: =+L5 -> 2026-02 | N6: =+M5 -> 2026-01 | O6: =+N5 -> 2025-12 | P6: =+O5 -> 2025-11 | Q6: =+P5 -> 2025-10 | R6: =+Q5 -> 2025-09 | ... U6: =+T5 -> 2025-06
J7: 2026-06 | K7: =+J6 -> 2026-05 | L7: =+K6 -> 2026-04 | M7: =+L6 -> 2026-03 | N7: =+M6 -> 2026-02 | O7: =+N6 -> 2026-01 | P7: =+O6 -> 2025-12 | Q7: =+P6 -> 2025-11 | R7: =+Q6 -> 2025-10 | ... U7: =+T6 -> 2025-07
J8: 2026-07 | K8: =+J7 -> 2026-06 | L8: =+K7 -> 2026-05 | M8: =+L7 -> 2026-04 | N8: =+M7 -> 2026-03 | O8: =+N7 -> 2026-02 | P8: =+O7 -> 2026-01 | Q8: =+P7 -> 2025-12 | R8: =+Q7 -> 2025-11 | ... U8: =+T7 -> 2025-08
J9: 2026-08 | K9: =+J8 -> 2026-07 | L9: =+K8 -> 2026-06 | M9: =+L8 -> 2026-05 | N9: =+M8 -> 2026-04 | O9: =+N8 -> 2026-03 | P9: =+O8 -> 2026-02 | Q9: =+P8 -> 2026-01 | R9: =+Q8 -> 2025-12 | ... U9: =+T8 -> 2025-09
J10: 2026-09 | K10: =+J9 -> 2026-08 | L10: =+K9 -> 2026-07 | M10: =+L9 -> 2026-06 | N10: =+M9 -> 2026-05 | O10: =+N9 -> 2026-04 | P10: =+O9 -> 2026-03 | Q10: =+P9 -> 2026-02 | R10: =+Q9 -> 2026-01 | ... U10: =+T9 -> 2025-10
J11: 2026-10 | K11: =+J10 -> 2026-09 | L11: =+K10 -> 2026-08 | M11: =+L10 -> 2026-07 | N11: =+M10 -> 2026-06 | O11: =+N10 -> 2026-05 | P11: =+O10 -> 2026-04 | Q11: =+P10 -> 2026-03 | R11: =+Q10 -> 2026-02 | ... U11: =+T10 -> 2025-11
J12: 2026-11 | K12: =+J11 -> 2026-10 | L12: =+K11 -> 2026-09 | M12: =+L11 -> 2026-08 | N12: =+M11 -> 2026-07 | O12: =+N11 -> 2026-06 | P12: =+O11 -> 2026-05 | Q12: =+P11 -> 2026-04 | R12: =+Q11 -> 2026-03 | ... U12: =+T11 -> 2025-12
J13: 2026-12 | K13: =+J12 -> 2026-11 | L13: =+K12 -> 2026-10 | M13: =+L12 -> 2026-09 | N13: =+M12 -> 2026-08 | O13: =+N12 -> 2026-07 | P13: =+O12 -> 2026-06 | Q13: =+P12 -> 2026-05 | R13: =+Q12 -> 2026-04 | ... U13: =+T12 -> 2026-01
J17: 2025-01 | K17: 2024-12 | L17: 2024-11 | M17: 2024-10 | N17: 2024-09 | O17: 2024-08 | P17: 2024-07 | Q17: 2024-06 | R17: 2024-05 | S17: 2024-04 | T17: 2024-03 | U17: 2024-02
J18: 2025-02 | K18: =+J17 -> 2025-01 | L18: =+K17 -> 2024-12 | M18: =+L17 -> 2024-11 | N18: =+M17 -> 2024-10 | O18: =+N17 -> 2024-09 | P18: =+O17 -> 2024-08 | Q18: =+P17 -> 2024-07 | R18: =+Q17 -> 2024-06 | ... U18: =+T17 -> 2024-03
J19: 2025-03 | K19: =+J18 -> 2025-02 | L19: =+K18 -> 2025-01 | M19: =+L18 -> 2024-12 | N19: =+M18 -> 2024-11 | O19: =+N18 -> 2024-10 | P19: =+O18 -> 2024-09 | Q19: =+P18 -> 2024-08 | R19: =+Q18 -> 2024-07 | ... U19: =+T18 -> 2024-04
J20: 2025-04 | K20: =+J19 -> 2025-03 | L20: =+K19 -> 2025-02 | M20: =+L19 -> 2025-01 | N20: =+M19 -> 2024-12 | O20: =+N19 -> 2024-11 | P20: =+O19 -> 2024-10 | Q20: =+P19 -> 2024-09 | R20: =+Q19 -> 2024-08 | ... U20: =+T19 -> 2024-05
J21: 2025-05 | K21: =+J20 -> 2025-04 | L21: =+K20 -> 2025-03 | M21: =+L20 -> 2025-02 | N21: =+M20 -> 2025-01 | O21: =+N20 -> 2024-12 | P21: =+O20 -> 2024-11 | Q21: =+P20 -> 2024-10 | R21: =+Q20 -> 2024-09 | ... U21: =+T20 -> 2024-06
J22: 2025-06 | K22: =+J21 -> 2025-05 | L22: =+K21 -> 2025-04 | M22: =+L21 -> 2025-03 | N22: =+M21 -> 2025-02 | O22: =+N21 -> 2025-01 | P22: =+O21 -> 2024-12 | Q22: =+P21 -> 2024-11 | R22: =+Q21 -> 2024-10 | ... U22: =+T21 -> 2024-07
J23: 2025-07 | K23: =+J22 -> 2025-06 | L23: =+K22 -> 2025-05 | M23: =+L22 -> 2025-04 | N23: =+M22 -> 2025-03 | O23: =+N22 -> 2025-02 | P23: =+O22 -> 2025-01 | Q23: =+P22 -> 2024-12 | R23: =+Q22 -> 2024-11 | ... U23: =+T22 -> 2024-08
J24: 2025-08 | K24: =+J23 -> 2025-07 | L24: =+K23 -> 2025-06 | M24: =+L23 -> 2025-05 | N24: =+M23 -> 2025-04 | O24: =+N23 -> 2025-03 | P24: =+O23 -> 2025-02 | Q24: =+P23 -> 2025-01 | R24: =+Q23 -> 2024-12 | ... U24: =+T23 -> 2024-09
J25: 2025-09 | K25: =+J24 -> 2025-08 | L25: =+K24 -> 2025-07 | M25: =+L24 -> 2025-06 | N25: =+M24 -> 2025-05 | O25: =+N24 -> 2025-04 | P25: =+O24 -> 2025-03 | Q25: =+P24 -> 2025-02 | R25: =+Q24 -> 2025-01 | ... U25: =+T24 -> 2024-10
J26: 2025-10 | K26: =+J25 -> 2025-09 | L26: =+K25 -> 2025-08 | M26: =+L25 -> 2025-07 | N26: =+M25 -> 2025-06 | O26: =+N25 -> 2025-05 | P26: =+O25 -> 2025-04 | Q26: =+P25 -> 2025-03 | R26: =+Q25 -> 2025-02 | ... U26: =+T25 -> 2024-11
J27: 2025-11 | K27: =+J26 -> 2025-10 | L27: =+K26 -> 2025-09 | M27: =+L26 -> 2025-08 | N27: =+M26 -> 2025-07 | O27: =+N26 -> 2025-06 | P27: =+O26 -> 2025-05 | Q27: =+P26 -> 2025-04 | R27: =+Q26 -> 2025-03 | ... U27: =+T26 -> 2024-12
J28: 2025-12 | K28: =+J27 -> 2025-11 | L28: =+K27 -> 2025-10 | M28: =+L27 -> 2025-09 | N28: =+M27 -> 2025-08 | O28: =+N27 -> 2025-07 | P28: =+O27 -> 2025-06 | Q28: =+P27 -> 2025-05 | R28: =+Q27 -> 2025-04 | ... U28: =+T27 -> 2025-01

Sheet Facturacion
A1: Indice | B1: Periodo | C1: ValorUSD | D1: PeriodoLY | E1: LASTYEAR | F1: Variacion
B2: =+Menu!$C$3 -> 2026-01 | C2: 800000 | D2: =+HLOOKUP($B$2,Menu!J2:$J$28,16,0) -> 2025-01 | E2: 750000 | F2: =+C2-E2 -> 50000
A3: 2 | B3: =+VLOOKUP($B$2,Menu!$J$2:$U$13,$A3,0) -> 2025-12 | C3: 800000 | D3: =+VLOOKUP($D$2,Menu!$J$16:$U$28,$A3,0) -> 2024-12 | E3: 750000 | F3: =+C3-E3 -> 50000
A4: =+A3+1 -> 3 | B4: =+VLOOKUP($B$2,Menu!$J$2:$U$13,$A4,0) -> 2025-11 | C4: 800000 | D4: =+VLOOKUP($D$2,Menu!$J$16:$U$28,$A4,0) -> 2024-11 | E4: 750000 | F4: =+C4-E4 -> 50000
A5: =+A4+1 -> 4 | B5: =+VLOOKUP($B$2,Menu!$J$2:$U$13,$A5,0) -> 2025-10 | C5: 800000 | D5: =+VLOOKUP($D$2,Menu!$J$16:$U$28,$A5,0) -> 2024-10 | E5: 750000 | F5: =+C5-E5 -> 50000
A6: =+A5+1 -> 5 | B6: =+VLOOKUP($B$2,Menu!$J$2:$U$13,$A6,0) -> 2025-09 | C6: 800000 | D6: =+VLOOKUP($D$2,Menu!$J$16:$U$28,$A6,0) -> 2024-09 | E6: 750000 | F6: =+C6-E6 -> 50000
A7: =+A6+1 -> 6 | B7: =+VLOOKUP($B$2,Menu!$J$2:$U$13,$A7,0) -> 2025-08 | C7: 800000 | D7: =+VLOOKUP($D$2,Menu!$J$16:$U$28,$A7,0) -> 2024-08 | E7: 750000 | F7: =+C7-E7 -> 50000
A8: =+A7+1 -> 7 | B8: =+VLOOKUP($B$2,Menu!$J$2:$U$13,$A8,0) -> 2025-07 | C8: 800000 | D8: =+VLOOKUP($D$2,Menu!$J$16:$U$28,$A8,0) -> 2024-07 | E8: 750000 | F8: =+C8-E8 -> 50000
A9: =+A8+1 -> 8 | B9: =+VLOOKUP($B$2,Menu!$J$2:$U$13,$A9,0) -> 2025-06 | C9: 800000 | D9: =+VLOOKUP($D$2,Menu!$J$16:$U$28,$A9,0) -> 2024-06 | E9: 750000 | F9: =+C9-E9 -> 50000
A10: =+A9+1 -> 9 | B10: =+VLOOKUP($B$2,Menu!$J$2:$U$13,$A10,0) -> 2025-05 | C10: 800000 | D10: =+VLOOKUP($D$2,Menu!$J$16:$U$28,$A10,0) -> 2024-05 | E10: 750000 | F10: =+C10-E10 -> 50000
A11: =+A10+1 -> 10 | B11: =+VLOOKUP($B$2,Menu!$J$2:$U$13,$A11,0) -> 2025-04 | C11: 800000 | D11: =+VLOOKUP($D$2,Menu!$J$16:$U$28,$A11,0) -> 2024-04 | E11: 750000 | F11: =+C11-E11 -> 50000
A12: =+A11+1 -> 11 | B12: =+VLOOKUP($B$2,Menu!$J$2:$U$13,$A12,0) -> 2025-03 | C12: 800000 | D12: =+VLOOKUP($D$2,Menu!$J$16:$U$28,$A12,0) -> 2024-03 | E12: 750000 | F12: =+C12-E12 -> 50000
A13: =+A12+1 -> 12 | B13: =+VLOOKUP($B$2,Menu!$J$2:$U$13,$A13,0) -> 2025-02 | C13: 800000 | D13: =+VLOOKUP($D$2,Menu!$J$16:$U$28,$A13,0) -> 2024-02 | E13: 750000 | F13: =+C13-E13 -> 50000

Sheet Clientes
A1: Estado | B1: ValorUSD | C1: LASTYEAR
A2: En Termino | B2: 500000 | C2: 800000
A3: Vencido | B3: 1500000 | C3: 1200000

Sheet DSO
A1: Tipo | B1: Dias | C1: Forecast | D1: Variacion
A2: DSO

Sheet ProvEXT
A1: Estado | B1: ValorUSD | C1: ForecastUSD
A2: En Termino | B2: =+SUMIFS('[1]Proveedores DB'!$E:$E,'[1]Proveedores DB'!$D:$D,A2) -> 569057.99
A3: Vencido | B3: =+SUMIFS('[1]Proveedores DB'!$E:$E,'[1]Proveedores DB'!$D:$D,A3) -> 99161.98

Sheet Pagos
A1: Tipo | B1: ValorUSD | C1: ForecastUSD
A2: BCRA | B2: =+SUMIFS('[1]Pagos DB'!$B:$B,'[1]Pagos DB'!$D:$D,Menu!$C$3) -> 518147.7

Sheet Cobertura CFE
A1: Tipo | B1: CFEARS | C1: CO+SOARS | D1: Cobertura
A2: CFE | B2: =+VLOOKUP(Menu!$C$5,'[1]Cobertura CFE'!$A:$E,3,0) -> #N/A | C2: =+VLOOKUP(Menu!$C$5,'[1]Cobertura CFE'!$A:$E,4,0) -> #N/A | D2: =ROUND(C2/B2,2) -> #N/A

Sheet Ausentismo
A1: Tipo | B1: REAL | C1: Target | D1: Variacion
A2: Ausentismo | B2: =+VLOOKUP(Menu!$D$5,[1]Ausentismo!$A:$H,2,0) -> #N/A | C2: =+Menu!$C$9 -> 0 | D2: =+B2-C2 -> #N/A

Sheet HS ST
A1: Negocio | B1: Horas | C1: Target | D1: Variacion
A2: ST | B2: =+SUMIFS('[1]Horas ST DB'!$AM:$AM,'[1]Horas ST DB'!$AQ:$AQ,Menu!$C$3) -> 2284 | C2: =+Menu!$C$7 -> 0 | D2: =+B2-C2 -> 2284

Sheet Backlog
A1: Negocio | B1: Horas | C1: Target | D1: Cobertura
A2: ST | B2: =+SUMIFS([1]Backlog!$K:$K,[1]Backlog!$N:$N,Menu!$C$3) -> 2619 | C2: =+Menu!$C$7 -> 0 | D2: =ROUND(B2/C2,2) -> #DIV/0!

Sheet Ventas
